<?xml version="1.0" encoding="UTF-8"?>
<beans xmlns="http://www.springframework.org/schema/beans"
       xmlns:xsi="http://www.w3.org/2001/XMLSchema-instance" xmlns:util="http://www.springframework.org/schema/util"
       xsi:schemaLocation="http://www.springframework.org/schema/beans http://www.springframework.org/schema/beans/spring-beans.xsd http://www.springframework.org/schema/util http://www.springframework.org/schema/util/spring-util.xsd">

    <util:properties id="jdbcProps" location="classpath:config.properties"/>

    <bean id="helper" class="utils2.ConnectionHelper">
        <constructor-arg name="prop" ref="jdbcProps"/>
    </bean>
    <bean id="repoJuc" class="repo2.RepoJucatori">
        <constructor-arg name="connectionHelper" ref="helper"/>
    </bean>
    <bean id="repoContest" class="repo2.RepoJoc">
        <constructor-arg name="connectionHelper" ref="helper"/>
        <constructor-arg name="repoJucatori" ref="repoJuc"/>
    </bean>

    <!--    <bean id="serviceImpl" class="service.ServiceImpl">-->
    <!--        <constructor-arg name="repoJucatori" ref="repoJuc"/>-->
    <!--        <constructor-arg name="repoJoc" ref="repoContest"/>-->
    <!--    </bean>-->
    <!--    <bean class="org.springframework.remoting.rmi.RmiServiceExporter">-->
    <!--        <property name="serviceInterface" value="interfaces.IService"/>-->
    <!--        <property name="serviceName" value="razboiService"/>-->
    <!--        <property name="service" ref="serviceImpl"/>-->
    <!--        <property name="servicePort" value="1099"/>-->
    <!--    </bean>-->

</beans>