<?xml version="1.0" encoding="UTF-8"?>
<!DOCTYPE hibernate-configuration PUBLIC
        "-//Hibernate/Hibernate Configuration DTD 3.0//EN"
        "http://www.hibernate.org/dtd/hibernate-configuration-3.0.dtd">

<hibernate-configuration>
    <session-factory>
        <property name="dialect">org.hibernate.dialect.MySQL57Dialect</property>
        <property name="connection.driver_class">com.mysql.cj.jdbc.Driver</property>
        <property name="connection.url">jdbc:mysql://localhost:3306/tom</property>
        <property name="hibernate.hbm2ddl.auto">update</property>

        <property name="connection.username">root</property>
        <property name="connection.password">lasPalmeras18</property>

        <property name="show_sql">true</property>
        <property name="format_sql">true</property>

        <mapping class="domain.User"/>
        <mapping class="domain.Contest"/>
        <mapping class="domain.Answer"/>
        <mapping resource="user.xml"/>
    </session-factory>
</hibernate-configuration>