<?xml version="1.0" encoding="UTF-8"?>
<beans xmlns="http://www.springframework.org/schema/beans"
       xmlns:xsi="http://www.w3.org/2001/XMLSchema-instance" xmlns:util="http://www.springframework.org/schema/util"
       xsi:schemaLocation="http://www.springframework.org/schema/beans http://www.springframework.org/schema/beans/spring-beans.xsd http://www.springframework.org/schema/util http://www.springframework.org/schema/util/spring-util.xsd">

    <util:properties id="jdbcProps" location="classpath:config.properties"/>



<!--    <bean id="sessionFactory" class="org.springframework.orm.hibernate3.LocalSessionFactoryBean">-->
<!--        <property name="hibernateProperties">-->
<!--            <props>-->
<!--                <prop key="hibernate.hbm2ddl.auto">-->
<!--                    create-drop-->
<!--                </prop>-->
<!--                <prop key="hibernate.dialect">-->
<!--                    org.hibernate.dialect.SQLServerDialect-->
<!--                </prop>-->
<!--            </props>-->
<!--        </property>-->
<!--    </bean>-->
<!--    <bean id="transactionManager"-->
<!--          class="org.springframework.orm.hibernate3.HibernateTransactionManager">-->
<!--        <property name="sessionFactory" ref="sessionFactory" />-->
<!--    </bean>-->

    <bean id="repoUsers" class="repos.RepoUsers"></bean>
    <bean id="repoContest" class="repos.RepoContest"></bean>
    <bean id="repoAns" class="repos.RepoAnswers"/>

    <bean id="serviceImpl" class="services.ServiceImpl">
       <constructor-arg name="repoUsers" ref="repoUsers"/>
        <constructor-arg name="repoContest" ref="repoContest"></constructor-arg>
        <constructor-arg name="repoAnswers" ref="repoAns"/>
    </bean>
    <bean class="org.springframework.remoting.rmi.RmiServiceExporter">
        <property name="serviceInterface" value="services.IService"/>
        <property name="serviceName" value="TomService"/>
        <property name="service" ref="serviceImpl"/>
        <property name="servicePort" value="1099"/>
    </bean>
</beans>