<?xml version="1.0"?>
<!DOCTYPE hibernate-mapping PUBLIC
        "-//Hibernate/Hibernate Mapping DTD//EN"
        "http://www.hibernate.org/dtd/hibernate-mapping-3.0.dtd">

<hibernate-mapping>
    <class name="domain.User"
           table="users">
        <id name="id" column="ID">
            <generator class="increment"></generator>
        </id>
        <property name="name" column="name"></property>
        <property name="password" column="password"/>
    </class>
</hibernate-mapping>