<?xml version="1.0" encoding="UTF-8"?>
<beans xmlns="http://www.springframework.org/schema/beans"
       xmlns:xsi="http://www.w3.org/2001/XMLSchema-instance" xmlns:util="http://www.springframework.org/schema/util"
       xsi:schemaLocation="http://www.springframework.org/schema/beans http://www.springframework.org/schema/beans/spring-beans.xsd http://www.springframework.org/schema/util http://www.springframework.org/schema/util/spring-util.xsd">

    <util:properties id="jdbcProps" location="classpath:config.properties"/>



    <!--    <bean id="sessionFactory" class="org.springframework.orm.hibernate3.LocalSessionFactoryBean">-->
    <!--        <property name="hibernateProperties">-->
    <!--            <props>-->
    <!--                <prop key="hibernate.hbm2ddl.auto">-->
    <!--                    create-drop-->
    <!--                </prop>-->
    <!--                <prop key="hibernate.dialect">-->
    <!--                    org.hibernate.dialect.SQLServerDialect-->
    <!--                </prop>-->
    <!--            </props>-->
    <!--        </property>-->
    <!--    </bean>-->
    <!--    <bean id="transactionManager"-->
    <!--          class="org.springframework.orm.hibernate3.HibernateTransactionManager">-->
    <!--        <property name="sessionFactory" ref="sessionFactory" />-->
    <!--    </bean>-->

    <bean id="helper" class="utils.ConnectionHelper">
        <constructor-arg name="prop" ref="jdbcProps"/>
    </bean>
    <bean id="repoJuc" class="repo.RepoJucatori">
        <constructor-arg name="connectionHelper" ref="helper"/>
    </bean>
    <bean id="repoContest" class="repo.RepoJoc">
        <constructor-arg name="connectionHelper" ref="helper"/>
        <constructor-arg name="repoJucatori" ref="repoJuc"/>
    </bean>

    <bean id="serviceImpl" class="service.ServiceImpl">
        <constructor-arg name="repoJucatori" ref="repoJuc"/>
        <constructor-arg name="repoJoc" ref="repoContest"/>
    </bean>
    <bean class="org.springframework.remoting.rmi.RmiServiceExporter">
        <property name="serviceInterface" value="interfaces.IService"/>
        <property name="serviceName" value="razboiService"/>
        <property name="service" ref="serviceImpl"/>
        <property name="servicePort" value="1099"/>
    </bean>

</beans>