<?xml version="1.0" encoding="UTF-8"?>
<!DOCTYPE hibernate-configuration PUBLIC
        "-//Hibernate/Hibernate Configuration DTD 3.0//EN"
        "http://www.hibernate.org/dtd/hibernate-configuration-3.0.dtd">

<hibernate-configuration>
    <session-factory>
        <property name="dialect">org.hibernate.dialect.MySQL57Dialect</property>
        <property name="connection.driver_class">com.mysql.cj.jdbc.Driver</property>
        <property name="connection.url">jdbc:mysql://localhost:3306/joc</property>
        <property name="hibernate.hbm2ddl.auto">update</property>

        <property name="connection.username">root</property>
        <property name="connection.password">lasPalmeras18</property>
        <property name="hibernate.id.new_generator_mappings">false</property>

        <!-- Echo all executed SQL to stdout -->
        <property name="show_sql">true</property>
        <property name="format_sql">true</property>

        <mapping package="domain"/>
        <mapping class="domain.User"/>
        <mapping class="domain.Jucator"/>
        <mapping class="domain.Joc"/>
        <mapping class="domain.Runda"/>

    </session-factory>
</hibernate-configuration>