<?xml version="1.0" encoding="UTF-8"?>
<beans xmlns="http://www.springframework.org/schema/beans"
       xmlns:xsi="http://www.w3.org/2001/XMLSchema-instance"
       xsi:schemaLocation="http://www.springframework.org/schema/beans http://www.springframework.org/schema/beans/spring-beans.xsd http://www.springframework.org/schema/context http://www.springframework.org/schema/context/spring-context.xsd">

    <bean id="sessionFactory"
          class="org.springframework.orm.hibernate5.LocalSessionFactoryBean">
        <property name="configLocation">
            <value>classpath:hibernate.cfg.xml</value>
        </property>
    </bean>

    <bean id="jucatorRepository" class="repos.RepoUsers">
        <constructor-arg ref="sessionFactory"></constructor-arg>
    </bean>
    <bean id="playerRepository" class="repos.RepoPlayers">
        <constructor-arg ref="sessionFactory"></constructor-arg>
    </bean>
    <bean id="gameRepository" class="repos.RepoGames">
        <constructor-arg ref="sessionFactory"></constructor-arg>
        <constructor-arg ref="playerRepository"></constructor-arg>
    </bean>

<!--    <bean id="serverImpl" class="services.ServiceImpl">-->
<!--        <constructor-arg ref="jucatorRepository"></constructor-arg>-->
<!--        <constructor-arg ref="playerRepository"></constructor-arg>-->
<!--        <constructor-arg ref="gameRepository"></constructor-arg>-->

<!--    </bean>-->

<!--    <bean class="org.springframework.remoting.rmi.RmiServiceExporter">-->
<!--        <property name="serviceName" value="cuvantService"></property>-->
<!--        <property name="service" ref="serverImpl"></property>-->
<!--        <property name="serviceInterface" value="interfaces.IService"></property>-->
<!--        <property name="servicePort" value="1099"></property>-->
<!--    </bean>-->

</beans>